id,title,description,publishedAt,thumbnails.default.url,customUrl,defaultLanguage,viewCount,subscriberCount,videoCount,topicIds,topicCategories,relatedPlaylists.uploads,category_title
UCVaXclURQZlakiTMzuwHvRw,News 19 WLTX,,2011-12-21 17:39:17+00:00,https://yt3.ggpht.com/ytc/AMLnZu-8_YkpQk6sTtz-1mdtQT1Y8JShthRwedM3-FRr8Q=s88-c-k-c0x00ffffff-no-rj,@news19wltx,,150105437,249000,24026,['/m/098wr'],['https://en.wikipedia.org/wiki/Society'],UUVaXclURQZlakiTMzuwHvRw,random_channels
UCQqaNnVhS1w_iTeFaIJsXog,Channel 4 Comedy,"Welcome to Channel 4 Comedy, quite possibly the funniest place on YouTube.

Peep Show, The Inbetweeners, Friday Night Dinner, Chewing Gum, Derry Girls (the list goes on) - Channel 4‚Äôs had you in stitches for decades‚Ä¶ and we‚Äôre not stopping now! Treat yourself to some of the best original comedy the UK has to offer, the sort of stuff you'd only expect from Channel 4 and E4, right here on YouTube.

As always, don't forget to COMMENT, LIKE and SUBSCRIBE. 
",2011-12-07 10:09:28+00:00,https://yt3.ggpht.com/ZTtbUCHFDWj59CSuZYTcQRpdmzaOsWZS5uMe5npGgW5zxjEb0rqD7n-Iepzqrn3eTvoLKkHJ=s88-c-k-c0x00ffffff-no-rj,@channel4comedy,,132644274,167000,726,"['/m/02jjt', '/m/0f2f9', '/m/02vxn', '/m/09kqc']","['https://en.wikipedia.org/wiki/Entertainment', 'https://en.wikipedia.org/wiki/Television_program', 'https://en.wikipedia.org/wiki/Film', 'https://en.wikipedia.org/wiki/Humour']",UUQqaNnVhS1w_iTeFaIJsXog,random_channels
UC6YN4FNhAKN3MDO5DbJSnOA,Queen City News,"Carolinas' Own Queen City News - WJZY, virtual channel 46, is a FOX-affiliated television station serving Charlotte, North Carolina, United States that is licensed to Belmont. The station is owned by Nexstar Media Group, as part of a duopoly with Rock Hill, South Carolina-licensed MyNetworkTV affiliate WMYT-TV. 

Thanks for stopping by Carolinas' Own Queen City News YouTube channel! We‚Äôre proud to bring you local stories, breaking news, in-depth investigations, Charlotte-area weather, and more!

Subscribe to Queen City News YouTube: https://www.youtube.com/myfoxcarolinas/videos  
Watch more Queen City News video: https://www.qcnews.com/  
Watch Queen City News live: https://qcnews.com/live 

",2010-06-22 20:42:54+00:00,https://yt3.ggpht.com/32iHHkC7hX_VCV13Ix8og059abtHmkzXxSHEdOmJs6J2FA3XGJb8RxyJMlxPSoPZH7wLP5_5ow=s88-c-k-c0x00ffffff-no-rj,@queencitynews,,83768935,125000,11538,['/m/098wr'],['https://en.wikipedia.org/wiki/Society'],UU6YN4FNhAKN3MDO5DbJSnOA,random_channels
UCjlgDApB1OrU_3-1dLMHOZg,Cooking with Shotgun Red,"Welcome to Cooking with Shotgun Red! Thanks for checking out our cooking channel! 

We have over 400 easy and delicious recipes from Beef, Pork, Poultry, Fish, Seafood, Deserts, and even Wild Game! 
We hope you find a recipe that you can share with your friends and family and get some great feedback at the table. 
This channel was created by the legendary Steve Hall creator of Shotgun Red. Steve passed away in December 2018 but with the help of his longtime parter Miss Sheila and his longtime friend, vocalist from his show, Jennifer Bruce, we are still releasing fun and delicious recipes! Steve would be so happy knowing his channel continues to grow and live on.
We hope you subscribe to our channel! Follow us!
Get our cookbooks now available on Amazon https://amzn.to/2HHX5eT

Thanks for watching and supporting our channel!",2014-02-28 21:30:49+00:00,https://yt3.ggpht.com/ytc/AMLnZu-50UpY1MT3WKPGrQVyq8ONPQsjc2UT7MPf7jERWQ=s88-c-k-c0x00ffffff-no-rj,@cookingwithshotgunred,,44025876,422000,453,"['/m/019_rr', '/m/02wbm']","['https://en.wikipedia.org/wiki/Lifestyle_(sociology)', 'https://en.wikipedia.org/wiki/Food']",UUjlgDApB1OrU_3-1dLMHOZg,random_channels
UCf7J0vxbg6SsIjY9587PEiQ,British Comedy Guide,This is the YouTube channel for the British Comedy Guide - a website all about UK comedy.,2009-10-22 12:38:38+00:00,https://yt3.ggpht.com/ytc/AMLnZu_1Cys5625lbUGLvIrbEFc66ddtDhcnOoKkB76X=s88-c-k-c0x00ffffff-no-rj,@britishcomedyguide,,40935727,37800,951,"['/m/02jjt', '/m/0f2f9', '/m/02vxn']","['https://en.wikipedia.org/wiki/Entertainment', 'https://en.wikipedia.org/wiki/Television_program', 'https://en.wikipedia.org/wiki/Film']",UUf7J0vxbg6SsIjY9587PEiQ,random_channels
UCAlZ-9e75wau2hY_wWFliNA,Defense Flash News,"Your #1 Source for Military Videos & News :) All About Only Military Stuff Likes are listed below in details!

#United States #Air National Guard  #Army National Guard  #U.S. Air Fore #Army #Marines #Navy #Coast Guard #NASA #NATO #Military Defense #Technologies #Special operation forces #International armed forces #War Conflicts # International Military drills #Weapons #Aircraft  #Ships #Vehicles

Welcome to the official Defense Flash News channel on YouTube. 
Please subscribe and join us at our website: https://defenseflashnews.com

The Defense Flash News is an independent, educational and documentary military channel devoted to armed forces and military technologies. We like the Military! All the content on the channel is STRICTLY for informational, documentary and historical purposes!

The appearance of U.S. Department of Defense (DoD) visual information does not imply or constitute DoD endorsement.

Thank you for watching & Please Don‚Äôt forget to Subscribe to our channel.",2017-07-22 09:04:54+00:00,https://yt3.ggpht.com/eXX2uQd-yrAjMvs47w6QHpQiKz67SccCAlxn7PHjU4JYxdP26-BokIA-YHhrJ1cKN2oxKVch=s88-c-k-c0x00ffffff-no-rj,@defenseflashnewstoday,en,36648536,114000,50194,"['/m/098wr', '/m/07yv9', '/m/019_rr', '/m/01h6rj']","['https://en.wikipedia.org/wiki/Society', 'https://en.wikipedia.org/wiki/Vehicle', 'https://en.wikipedia.org/wiki/Lifestyle_(sociology)', 'https://en.wikipedia.org/wiki/Military']",UUAlZ-9e75wau2hY_wWFliNA,random_channels
UCMffaLPtQHcuQ6UY83qtM0g,Journaling Tale,"üéÄ Join me for journaling sessions, stationery hauls, and studio vlogs üå∏",2010-04-02 18:25:07+00:00,https://yt3.ggpht.com/2VoGoLcMY3HQqjVpN-Gp_Vv-0LFItya3p6Ry3ybcIbeUDC0-MoLZgt6Qr5ubrLJa0El6ehZj5Q=s88-c-k-c0x00ffffff-no-rj,@journalingtale,,34765405,181000,502,"['/m/03glg', '/m/019_rr']","['https://en.wikipedia.org/wiki/Hobby', 'https://en.wikipedia.org/wiki/Lifestyle_(sociology)']",UUMffaLPtQHcuQ6UY83qtM0g,random_channels
UCECGTK7DkU7I8SSfBItn3uw,carina,hi i'm carina and you will have a guaranteed good time on my channel so subscribe :),2015-11-14 01:23:40+00:00,https://yt3.ggpht.com/EW87vnzp9hK3YQuV93M2QJtYnl_16pNu8826dPRb31RBzarYgyejC-698UF-tEVgc6aDTDtRDw=s88-c-k-c0x00ffffff-no-rj,@carinanatalie,,29901260,435000,132,['/m/019_rr'],['https://en.wikipedia.org/wiki/Lifestyle_(sociology)'],UUECGTK7DkU7I8SSfBItn3uw,random_channels
UCL-yKZ_kCuKBHyeRfePpvuw,Education Week,"Education Week is your source for compelling videos on K-12 education, including powerful stories about schools across the nation, news coverage, explainers, unique perspectives on education debates, and profiles of exemplary educators. 

About Education Week:
Education Week (edweek.org) is America‚Äôs most trusted source of independent K-12 education news, analysis, and opinion, with comprehensive coverage of education policy and practice in print, on the web, in video, and via live and virtual events. Our work serves to raise the level of understanding and discourse about education among policymakers, school and district leaders, teachers, researchers, and the public. Education Week has been providing award-winning coverage of the field for over 35 years.

Interested in licensing? Contact reprints@epe.org",2008-01-15 17:52:02+00:00,https://yt3.ggpht.com/ytc/AMLnZu8nJlJP0UE2XKKzhR3vMC3OqteopsdlTiVNZdN8yQ=s88-c-k-c0x00ffffff-no-rj,@educationweek,,14216746,34900,1152,"['/m/01k8wb', '/m/098wr']","['https://en.wikipedia.org/wiki/Knowledge', 'https://en.wikipedia.org/wiki/Society']",UUL-yKZ_kCuKBHyeRfePpvuw,random_channels
UCXwFtLCUu10dJKKWD_TD2LQ,National Education Association,"The National Education Association (NEA) is more than 3 million people‚Äîeducators, students, activists, workers, parents, neighbors, friends‚Äîwho believe in opportunity for all students and in the power of public education to transform lives and create a more just and inclusive society. Hear from our members as we work together to advance justice and excellence in public education.

Headquartered in the nation's capital, NEA's national leadership includes President-Elect Becky Pringle, Vice President-Elect Princess Moss, and Secretary Treasurer-Elect Noel Candelaria.",2007-03-19 17:04:29+00:00,https://yt3.ggpht.com/ytc/AMLnZu-uTCfO5rQL4OG4dECX1eVZCQkpC-fGUSVtSuqcnQ=s88-c-k-c0x00ffffff-no-rj,@neaabs,,9810278,6840,1626,"['/m/01k8wb', '/m/098wr']","['https://en.wikipedia.org/wiki/Knowledge', 'https://en.wikipedia.org/wiki/Society']",UUXwFtLCUu10dJKKWD_TD2LQ,random_channels
UCdBjEJpySOp2fY6f3x6TfPg,Cooking With Duaa,"Cooking With Duaa is  cooking channel where you find all types of cultural food ü•ò. My name is Saima i have been living in London for the last 10 years ,welcome to my channel cooking with Duaa. The purpose of this channel is to give you easy and unique recepies. I love to cook quick and easy recepies which I learnt from my mother and grand mother.
Please subscribe to my YouTube channel.

For Business Enquiries contact:
adnan7778@hotmail.com


Facebook. Cookingwithduaa 
Instagram. Cookingwithduaa ",2018-06-03 11:10:43+00:00,https://yt3.ggpht.com/ytc/AMLnZu8FFJO-L_Hl2dCqZg1khQ2gSN3Y8svBujCNXoLB=s88-c-k-c0x00ffffff-no-rj,@cookingwithduaa,,6337390,60700,360,"['/m/019_rr', '/m/02wbm']","['https://en.wikipedia.org/wiki/Lifestyle_(sociology)', 'https://en.wikipedia.org/wiki/Food']",UUdBjEJpySOp2fY6f3x6TfPg,random_channels
UCmTSflg4X32Qkxuz5Mw1k8w,NOW COMEDY,"NOW COMEDY is a channel made for movie fans, by movie fans. Here you will find all of the most memorable moments, scenes, trailers, and more from all of your favorite comedy films. ",2021-07-12 17:07:52.899720+00:00,https://yt3.ggpht.com/a01Dpwe_v62zupe0foZ8pRWi8W_KK6Th6j92L0s29wuFYWu8Tuvg4_F23lFds9CCi4zatXInDs4=s88-c-k-c0x00ffffff-no-rj,@nowcomedy,,5114628,4820,166,"['/m/02jjt', '/m/0f2f9', '/m/02vxn']","['https://en.wikipedia.org/wiki/Entertainment', 'https://en.wikipedia.org/wiki/Television_program', 'https://en.wikipedia.org/wiki/Film']",UUmTSflg4X32Qkxuz5Mw1k8w,random_channels
UCf9Ua7W95KDm28d16otkm0Q,The Cooking Doc,"Dr. Blake Shusterman, a board certified kidney doctor (nephrologist) with a passion for healthy food. Tune in weekly for tips on using your diet to maintain your health,  learning to create kidney-healthy and delicious meals and becoming an expert on all things kidneys.

Dr. Blake practices in Greenville, South Carolina, USA in a practice called Carolina Nephrology.

He is the author of a book, The Cooking Doc's Kidney-Healthy Cooking: A Modern 10 Step Guide to Preventing and Managing Kidney Disease. His book is available on Amazon and on his website www.thecookingdoc.co. 

",2012-07-02 20:05:52+00:00,https://yt3.ggpht.com/ytc/AMLnZu_4iArn0IQcSMBFGdAlou8pyU2fSawZNyIk44QWPQ=s88-c-k-c0x00ffffff-no-rj,@thecookingdoc,,4077404,80100,319,"['/m/0kt51', '/m/02wbm', '/m/019_rr']","['https://en.wikipedia.org/wiki/Health', 'https://en.wikipedia.org/wiki/Food', 'https://en.wikipedia.org/wiki/Lifestyle_(sociology)']",UUf9Ua7W95KDm28d16otkm0Q,random_channels
UCged4xNWHYsJTGPQ5rn6HmA,Cooking with Shirley,"Welcome to my channel !
I'm Shirley. 
Every week I'll share easy and delicious recipes with you !
If you like my videos, please like, share and subscribe.
Thank You for your support !
",2019-06-08 16:21:33+00:00,https://yt3.ggpht.com/ytc/AMLnZu_i2uw8YucpuN7sbmi9rj0rZqcQwAGkqijsqROs=s88-c-k-c0x00ffffff-no-rj,@cookingwithshirley,,3646809,30600,207,"['/m/02wbm', '/m/019_rr']","['https://en.wikipedia.org/wiki/Food', 'https://en.wikipedia.org/wiki/Lifestyle_(sociology)']",UUged4xNWHYsJTGPQ5rn6HmA,random_channels
UCrdJ-n4brmIZy975U-4iwsQ,Tev Don Comedy,"I Appreciate The Support....

Social Media

üëâInstagram : OfficialTev_Don
 
",2018-03-04 20:12:07+00:00,https://yt3.ggpht.com/ytc/AMLnZu-exxugrVoLObyxbARgK67Qabq-o8twOL3Mzkot_Q=s88-c-k-c0x00ffffff-no-rj,@tevdoncomedy,,3228191,35000,165,"['/m/02jjt', '/m/02vxn', '/m/09kqc']","['https://en.wikipedia.org/wiki/Entertainment', 'https://en.wikipedia.org/wiki/Film', 'https://en.wikipedia.org/wiki/Humour']",UUrdJ-n4brmIZy975U-4iwsQ,random_channels
UC22gUNj0sgOlBAR_zLfdh5A,Cooking Addiction,"Welcome to my channel Cooking Addiction. I am Lesten Gonsalves, and I'm based in Goa. Cooking has been kind of my obsession from school days, so I thought of pursuing it to explore more about the culinary world. This Channel is a platform to share my knowledge and skills with people who are eager to learn about food. Subscribe my channel to learn drool worthy recipes.


For business inquiries & Sponsorships email: lesten.gonsalves@gmail.com 
",2017-09-10 20:15:09+00:00,https://yt3.ggpht.com/hYamd2K3rw6bcxP5sT3nD9nAh92t6rKTSJ6UjMEyviysMSiPOjOU5EdJw7rMJrpUxOSrhRjDqtE=s88-c-k-c0x00ffffff-no-rj,@cookingaddiction,,3198996,28800,136,"['/m/019_rr', '/m/02wbm']","['https://en.wikipedia.org/wiki/Lifestyle_(sociology)', 'https://en.wikipedia.org/wiki/Food']",UU22gUNj0sgOlBAR_zLfdh5A,random_channels
UCfV7GnI8E_RnxMjc5-x8mAQ,TRAPHOUSE MUSIC,"¬© 2021 Trap House Music ¬Æ

TRAPHOUSE is an independent Music Label based in EUROPE (Athens, Greece) with distribution & official artist's from all cultures, PLEASE subscribe to our channel and stay tuned for all of our releases!

Official partner's with Keep It Pure ¬Æ & Stay Independent ¬Æ
",2021-05-20 01:02:18.880150+00:00,https://yt3.ggpht.com/v1l6tVDERtV9RHqehIqybspe93qN6WnJk-x8Ks3p2BSBQrp3-xeYRgxM_gCKNR7V1nQjTl7CpWg=s88-c-k-c0x00ffffff-no-rj,@traphousemusicgreece,,2292609,5080,23,"['/m/0glt670', '/m/064t9', '/m/04rlf', '/m/02lkt']","['https://en.wikipedia.org/wiki/Hip_hop_music', 'https://en.wikipedia.org/wiki/Pop_music', 'https://en.wikipedia.org/wiki/Music', 'https://en.wikipedia.org/wiki/Electronic_music']",UUfV7GnI8E_RnxMjc5-x8mAQ,random_channels
UCrWtfbfTrZn9penvY3xwWig,KAKE News,"KAKE delivers Kansas‚Äô favorite local news - building on a history of broadcast leadership while delivering relevant local content to fit the digital media landscape of tomorrow.

New videos every weekday at 2 p.m. and 4 p.m.
",2014-06-17 20:59:12+00:00,https://yt3.ggpht.com/NZXTfPTgy-BxWSgXcdU9TSXMKcZYhjsCRAsb_s_ygeP3Ma7erCbsJXWF4RXXZUHHqiwGhSRUkA=s88-c-k-c0x00ffffff-no-rj,@kakenewsonyourside,,1994821,4300,2898,['/m/098wr'],['https://en.wikipedia.org/wiki/Society'],UUrWtfbfTrZn9penvY3xwWig,random_channels
UCwcEhBb53uJO4ogeBLLh2yQ,MY KINGDOM MUSIC,"Independent Dark Metal label - Obscure, Extreme & Decadent!
Web: www.mykingdommusic.net
Shop: http://mykingdommusic.bigcartel.com
Bandcamp: http://mykingdommusic.bandcamp.com
Mail: info@mykingdommusic.net",2006-03-12 08:22:28+00:00,https://yt3.ggpht.com/ytc/AMLnZu8A0bmQQxjvj19f5C0AEnji75NW7u_RBryO8b6LuA=s88-c-k-c0x00ffffff-no-rj,@mykingdommusic,,1681946,2650,281,"['/m/06by7', '/m/04rlf']","['https://en.wikipedia.org/wiki/Rock_music', 'https://en.wikipedia.org/wiki/Music']",UUwcEhBb53uJO4ogeBLLh2yQ,random_channels
UCtxFOnPpYdQuDog6fGlp1Eg,Travel Addict Guy,"Join me as I travel through Europe and discover new places, foods and friends!",2018-11-08 11:43:30+00:00,https://yt3.ggpht.com/69F3xpbtlaoq2wbqwCLO7SXmVfVrjnov0GH20KeAu4UiWWOVo2jqzh2Zp5jb3mkMFNJQbHoHWg=s88-c-k-c0x00ffffff-no-rj,@traveladdictguy,en,1607054,8150,594,"['/g/120yrv6h', '/m/02wbm', '/m/019_rr']","['https://en.wikipedia.org/wiki/Tourism', 'https://en.wikipedia.org/wiki/Food', 'https://en.wikipedia.org/wiki/Lifestyle_(sociology)']",UUtxFOnPpYdQuDog6fGlp1Eg,random_channels
UCaPrv_BwRFvpIsSnXSmGt0w,MTB Travel Review,"Welcome to MTB Travel Review! 

This channel is dedicated to all things mountain biking.  I cover everything from rider feature films, to in depth tutorials for beginners, and trail & product reviews.  The goal?  To grow and support the mountain bike community in return for all that mountain biking has done for me.   I wouldn't be where I am today without my bike, and I simply want to share my experiences with the world.  

Make sure you subscribe and turn your alerts on to follow along and thank you for the support!

Instagram: https://www.instagram.com/mtbtravelreview/
Facebook: https://www.facebook.com/MTBTravelReview

Sponsors: DirtLab-USA, Bootlegger Bikes, G-Form, Nobl, CushCore, 100%, Untapped Maple, GoPro, Team Granit MTB
",2017-05-29 18:21:27+00:00,https://yt3.ggpht.com/ytc/AMLnZu8t38Tnu-8dd-_fZ068Hj6UND8v4_zHbPIZu1GDwA=s88-c-k-c0x00ffffff-no-rj,@mtbtravelreview,,1526362,14600,148,"['/m/06ntj', '/m/019_rr']","['https://en.wikipedia.org/wiki/Sport', 'https://en.wikipedia.org/wiki/Lifestyle_(sociology)']",UUaPrv_BwRFvpIsSnXSmGt0w,random_channels
UCIPX0CTQmfGb7PoRG0MNsnQ,Angel shimrah,,2019-02-21 16:41:55+00:00,https://yt3.ggpht.com/8sp9QfioeCD0MzVIOF3yNqmpM2VOxI3lk2VJHh-ds3nQzp_dnlEf3N3lmVK9Gzfd9CWly6ElGw=s88-c-k-c0x00ffffff-no-rj,,,1451828,33700,28,"['/m/019_rr', '/m/02wbm']","['https://en.wikipedia.org/wiki/Lifestyle_(sociology)', 'https://en.wikipedia.org/wiki/Food']",UUIPX0CTQmfGb7PoRG0MNsnQ,random_channels
UC1zhHVE2KIwnqfJ5r77cM7A,Ely Rose Kim,"Hi! Kumusta? üòÉ
I‚Äôm Ely Rose Kim a Filipina mom living in South Korea. My vlog is all about my simple life here, my daily routine as a mother a wife and a friend. I hope you enjoyed watching my videos. God bless everyone, stay safe always! üòòü•∞
Please don't forget to click like and subscribe.
Thank you for watching ^^

‚ù£For business/collaboration email me:

üíå Hernandezelyrose@gmail.com 

üíñJunhwa & Junseo Instagram:  junhwa_junseo

‚ù£My social media accounts:

‚öòInstagram acc.: elyrosekim029

‚öòFb Page:
Elyrose Kim

‚öòTiktok acc.:
@elyrose029

If you're reading this, Thank you so much üíã

xoxoxoxoxo",2015-08-22 12:03:08+00:00,https://yt3.ggpht.com/cN_zyUiX_JUZg2KN4oEKjHYyCWhgMckJGp9YukIlHkhoNRnpRK0_xRiCljbq3KNUp2tSzEUSCA=s88-c-k-c0x00ffffff-no-rj,@elyrosekim,,1294470,13000,409,"['/m/019_rr', '/m/02wbm']","['https://en.wikipedia.org/wiki/Lifestyle_(sociology)', 'https://en.wikipedia.org/wiki/Food']",UU1zhHVE2KIwnqfJ5r77cM7A,random_channels
UCHU5LSiGQsCbdPKKreHcITw,County News TV,County News Service brings you the highest quality raw breaking news footage from the Southern California area by seasoned photographers with a knack for providing news you can use.,2020-08-31 08:17:55.535313+00:00,https://yt3.ggpht.com/JZRF-Vux5W5unS71oWmATbzf3GcjxGbxe1Eh9cS5Pf_NiRxfDpRT5tggSvwY8NdYkUr_V80=s88-c-k-c0x00ffffff-no-rj,@countynewstv,,1273273,5310,617,"['/m/07yv9', '/m/019_rr', '/m/098wr']","['https://en.wikipedia.org/wiki/Vehicle', 'https://en.wikipedia.org/wiki/Lifestyle_(sociology)', 'https://en.wikipedia.org/wiki/Society']",UUHU5LSiGQsCbdPKKreHcITw,random_channels
UCMQEmETLCqv088mFEIlLQyQ,Sorinex Exercise Equipment,The YouTube channel for Sorinex.,2014-06-16 13:46:50+00:00,https://yt3.ggpht.com/ytc/AMLnZu8XMi8Ldx-ZLbuiTQXgCPeQLskb05h8vQ1WmrnJ3g=s88-c-k-c0x00ffffff-no-rj,@sorinexexerciseequipment,,1249456,7230,257,"['/m/027x7n', '/m/019_rr']","['https://en.wikipedia.org/wiki/Physical_fitness', 'https://en.wikipedia.org/wiki/Lifestyle_(sociology)']",UUMQEmETLCqv088mFEIlLQyQ,random_channels
UCfKqi5ZUXqXxErUgTdMkSDQ,Learning Music Hub,"Welcome to the LEARNING MUSIC HUB - an animated approach in Music Theory..Made clear & easy to understand‚Ä¶ This a free, anytime, any day, music learning on the go music theory app. 

This animated-interactive learning structural approach are well-created and well-recommended music lessons designed for all teachers and students. 

Whether you want to play any musical instrument like piano, guitar, violin, flute, and the like! LEARNING MUSIC HUB is a great place to be. 

It contains more than a hundred animated Music Theory Lessons from the ground zero level to the amazing advanced professional level! 

The lessons starts from scratch on staff, notes, pitch, rhythms, major & minor scales, key signatures, all chords, modulations, cadences,  time signature, dynamics mastery‚Ä¶ 

Our ultimate aim is to hone & develop a better musician of the future by means of this powerful lessons.

LEARNING MUSIC HUB is great also for all ONLINE music classes! A no charge-at-all music lectures!
",2021-02-17 03:58:51.699041+00:00,https://yt3.ggpht.com/ytc/AMLnZu-Con60-HbXuZH5Kjix8HKAUf_GFsTKMhPi6dof=s88-c-k-c0x00ffffff-no-rj,@learningmusichub,,1245134,3730,43,"['/m/0ggq0m', '/m/019_rr', '/m/04rlf']","['https://en.wikipedia.org/wiki/Classical_music', 'https://en.wikipedia.org/wiki/Lifestyle_(sociology)', 'https://en.wikipedia.org/wiki/Music']",UUfKqi5ZUXqXxErUgTdMkSDQ,random_channels
UCK45CFLlvd9pP7IzVYDWIMw,Travel With Jaro,"TRAVEL The WORLD. Why wouldn't you? it pushes your comfort zone, you meet incredible people & cultures along the way, and it's possible to do all on a budget, or indefinitely! 

We explore different travel tips, films, and vlogs. Make sure to subscribe for helpful videos, but don't be shy, reach out to me and we could connect!

Thanks for watching! Welcome to Travel With Jaro!
",2012-06-03 03:22:07+00:00,https://yt3.ggpht.com/U2dkMsqAtbQXdJv4bETRv3eUlUwF5haDhd0wQ5UyjkFhLnY1x3odCow5VXy03VRWxyilDGDO=s88-c-k-c0x00ffffff-no-rj,@travelwithjaro,,1100914,9510,195,['/m/019_rr'],['https://en.wikipedia.org/wiki/Lifestyle_(sociology)'],UUK45CFLlvd9pP7IzVYDWIMw,random_channels
UC5TKWxKKl1IRfTZsVgS0ziA,Nina's nutrition and exercise videos,"I‚Äôm a fitness and health fanatic with a certification in Fitness Nutrition from the American Council on Exercise, and a certified Plant-Based Grassroots Ambassador. I also have my fitness trainer and strength coach certifications from the International Sports Sciences Association. I'm a published author of The High-Five Diet, Slimming Dairy-Free Desserts and Smoothies, Food Tracker for Healthy Weight Loss and Weightlifting Record Book.

These videos reflect extensive research on numerous diets, health issues, exercise, and what does and doesn‚Äôt work for weight-loss. I've created exercise videos based on tried and true practices to increase strength and mobility. I hope you find my videos helpful. Add your suggestions and experiences too in the comments!

You can learn more about me, check out the products and services I offer from my website: www.TheHighFiveDiet.com   and on my blog: www.RealDietHelp.com",2014-10-13 18:41:03+00:00,https://yt3.ggpht.com/ytc/AMLnZu_D_EZQwf4JSls95B4ZcVud_Gr43TNJQ8PVBG-YjA=s88-c-k-c0x00ffffff-no-rj,ninasnutritionandexercisevideos,,806787,1120,333,"['/m/02wbm', '/m/0kt51', '/m/019_rr', '/m/027x7n']","['https://en.wikipedia.org/wiki/Food', 'https://en.wikipedia.org/wiki/Health', 'https://en.wikipedia.org/wiki/Lifestyle_(sociology)', 'https://en.wikipedia.org/wiki/Physical_fitness']",UU5TKWxKKl1IRfTZsVgS0ziA,random_channels
UCG-PXXY7gyI7LOMeE0rl_KA,Georgia Cooking For The Soul,"Hello my name is Willie Ann Thompson, most people call me Ann. I am retired, I love being with family and friends, and I love cooking. I hope you will come aboard and join my family and I to learn some old fashioned cooking. These recipes are what I've learned from my mother and they hold a special place in my heart. I am excited to get to share them with you!

Social Media:
Email- @annthompson4091@gmail.com
Instagram- @georgiacookingforthesoul

",2013-11-16 06:15:58+00:00,https://yt3.ggpht.com/ytc/AMLnZu-VlyHDiaPI3B7jeYwJ96Se4YnAkWaNXQ1ctjQR=s88-c-k-c0x00ffffff-no-rj,@georgiacookingforthesoul,,767928,10000,461,"['/m/02wbm', '/m/019_rr']","['https://en.wikipedia.org/wiki/Food', 'https://en.wikipedia.org/wiki/Lifestyle_(sociology)']",UUG-PXXY7gyI7LOMeE0rl_KA,random_channels
UCTNAGaw3TauzN7pkJTaZZtg,All Star Driver Education,"We are All Star Driver Education! 
We provide cities across the U.S. with quality educational and operational driving programs. 

This channel is a source of information for anyone to benefit from: need-to-knows of drivers education, how-to's of driving, and tips on how to become a great driver behind the wheel. 

We are leaders in drivers education for a reason: 
- We care about our instructors and students and always work to provide quality programs
- We have the latest cars and technology that will keep you safe on and off the road
- We have 24/7 customer service that is convenient for you: reach us through social media, our website, or call our center at +1 (800) 967-7719",2014-12-18 15:01:14+00:00,https://yt3.ggpht.com/ytc/AMLnZu-hE8_JICXTChV68DLYYZKHuhIFAZPvEcRKATn3=s88-c-k-c0x00ffffff-no-rj,@allstardrivereducationinc,,745671,3070,61,"['/m/019_rr', '/m/07yv9', '/m/01k8wb']","['https://en.wikipedia.org/wiki/Lifestyle_(sociology)', 'https://en.wikipedia.org/wiki/Vehicle', 'https://en.wikipedia.org/wiki/Knowledge']",UUTNAGaw3TauzN7pkJTaZZtg,random_channels
UCJDIvab5y2yIBzzkbIgy8WQ,Adam Muller Comedy,"Welcome to Adam Muller's Comedy YouTube channel. Adam Muller is a New York based stand-up comedian by way of Toronto, Canada. ",2020-05-25 10:23:44.442865+00:00,https://yt3.ggpht.com/SjrpJw3ILAE54ZxG34_tG5lUYCgNPEU4HELHqfobLW2sq-3Iuk1pVFD-KLe9uTyqXpWlK1r_YQ=s88-c-k-c0x00ffffff-no-rj,@adammullercomedy,,704732,1270,232,"['/m/09kqc', '/m/02jjt', '/m/02vxn']","['https://en.wikipedia.org/wiki/Humour', 'https://en.wikipedia.org/wiki/Entertainment', 'https://en.wikipedia.org/wiki/Film']",UUJDIvab5y2yIBzzkbIgy8WQ,random_channels
UCitLqDolQHZ_tldN-bXGDwg,Travel Bro,Samith Travelling everywhere,2020-03-12 09:00:43.253974+00:00,https://yt3.ggpht.com/dEVOAaoXLUjWDT2QHlVpKjDGTUfLrwqeiZYdWNGNbJjlVzoT9JwQmhn3al53K2-uuTMOdQsC6g=s88-c-k-c0x00ffffff-no-rj,@travelbro1,,666274,12000,96,"['/m/019_rr', '/m/02wbm']","['https://en.wikipedia.org/wiki/Lifestyle_(sociology)', 'https://en.wikipedia.org/wiki/Food']",UUitLqDolQHZ_tldN-bXGDwg,random_channels
UCIzKAXlRpnPzulWndJ0SOSA,Cooking With Papa Seif,"New videos every week, sometimes",2021-03-10 23:05:00.530233+00:00,https://yt3.ggpht.com/ytc/AMLnZu-DYPTTOOEEoDhmdSGBqpYFM596Bqz2XrAoMEMa=s88-c-k-c0x00ffffff-no-rj,@danjseif,,655047,1800,81,"['/m/02wbm', '/m/019_rr']","['https://en.wikipedia.org/wiki/Food', 'https://en.wikipedia.org/wiki/Lifestyle_(sociology)']",UUIzKAXlRpnPzulWndJ0SOSA,random_channels
UC2NTBsmAC2ePOrUkpRvogoA,KXLF News Channel,,2013-10-09 21:45:17+00:00,https://yt3.ggpht.com/ytc/AMLnZu_vUMJQTgb3XV0ccxAq-hS9DC1dC7XBQOj-Z72xQQ=s88-c-k-c0x00ffffff-no-rj,,,612054,1180,6288,['/m/098wr'],['https://en.wikipedia.org/wiki/Society'],UU2NTBsmAC2ePOrUkpRvogoA,random_channels
UCBjoR2uNSYyBVRKq-ZLinuw,Aliki Travel Blog,"Browse through my channel and get inspired for your next trip! 

I am an adventurous travel blogger currently traveling around South America. In my travel vlog, I take you to the world's most beautiful places. I show you the best countries to visit. I also always provide a very detailed article with the video on my travel blog. I am truly passionate about creating travel videos and showing you the best travel destinations. 

Twitter: https://twitter.com/AlikiTravelBlog 
Instagram: https://www.instagram.com/aliki_travel_blog/
Facebook: https://www.facebook.com/alikitravelblog/ 
Blog: www.alikitravelblog.com

See you around the world üåé",2016-02-16 15:21:38+00:00,https://yt3.ggpht.com/ytc/AMLnZu9rv-IC9qu0ukGV0e3XNKSUiQSdE_ISSvAatkBO=s88-c-k-c0x00ffffff-no-rj,@alikitravelblog,,537654,10100,91,"['/g/120yrv6h', '/m/019_rr', '/m/03glg']","['https://en.wikipedia.org/wiki/Tourism', 'https://en.wikipedia.org/wiki/Lifestyle_(sociology)', 'https://en.wikipedia.org/wiki/Hobby']",UUBjoR2uNSYyBVRKq-ZLinuw,random_channels
UCnODsMthEUVnqFSisw8E4ow,Travel and walks,"Hello and Welcome to ""Travel and walks""!

""Travel and walks"" will focus on sharing videos about traveling and city walks! Hope you can get some inspiration for your own future travel plan efter watching the videos! 

Click ""Subscribe"" if you like the videos and your support is very important to me and will be appreciated a lot! Thank you!

",2020-11-26 16:00:35.237667+00:00,https://yt3.ggpht.com/ytc/AMLnZu_SPaCoW9gLS39skSmWa5yNRSlFQ9dft-PsdFAI=s88-c-k-c0x00ffffff-no-rj,,,511386,2230,201,"['/g/120yrv6h', '/m/019_rr']","['https://en.wikipedia.org/wiki/Tourism', 'https://en.wikipedia.org/wiki/Lifestyle_(sociology)']",UUnODsMthEUVnqFSisw8E4ow,random_channels
UC4z1t_toTtWFG6PGpcgzWcw,RedCup News,The Culture Of College,2019-08-05 18:32:45+00:00,https://yt3.ggpht.com/ytc/AMLnZu_RKNFUWz36Dyo01nn8MixpV0H91mse1vnhZq1O=s88-c-k-c0x00ffffff-no-rj,@redcupnews,,475028,4090,82,"['/m/06ntj', '/m/0jm_']","['https://en.wikipedia.org/wiki/Sport', 'https://en.wikipedia.org/wiki/American_football']",UU4z1t_toTtWFG6PGpcgzWcw,random_channels
UCzOwecflGQFfHvMp-vMJCgQ,OLD TIME WHIM COOKING,"I love to cook and my passion for cooking goes back to my childhood in Guyana. Since I came to Canada, I've been cooking for my family, relatives, friends, acquaintances and everyone else. Being able to do that is such an humbling experience and with much thought, I want to share my passion and my culture in the art of cooking to the outside world. Please come and join me in my kitchen as I journey into the depths of ""Old Time Whim Cooking"".         

Instagram- GeetaH
https://instagram.com/oldtimewhimcooking?igshid=h2j4i8bqek2d
geetawhim1968@gmail.com

",2021-03-31 23:31:02.208631+00:00,https://yt3.ggpht.com/ytc/AMLnZu8c5QHTjdQ4lySBnFDvrHr2ZRaeCyHzCu8d6jZf=s88-c-k-c0x00ffffff-no-rj,@oldtimewhimcooking,,462242,2620,275,"['/m/02wbm', '/m/019_rr']","['https://en.wikipedia.org/wiki/Food', 'https://en.wikipedia.org/wiki/Lifestyle_(sociology)']",UUzOwecflGQFfHvMp-vMJCgQ,random_channels
UCPXW0F7HwfXhZY6-rZwJt4w,Jules Music,"The official YouTube channel of Jules. Jules is a young and talented singer from the Netherlands. Inspired by the sound of old soul, gospel and Jazz, Jules creates pop music with a hint of soul. Jules started out as the singer of the band of her student association with whom she recorded some songs which she uploaded online. Her talent was quickly recognized which eventually led to her first release: a featuring on the track ‚ÄúMore Than This‚Äù by Wulf. In 2019 Jules signed to Warner Music and released her first official single ‚ÄúShoes Don‚Äôt Fit‚Äù and her first EP titled ‚ÄúStartin‚Äô Up A Fire‚Äù. In 2021 Jules released her latest EP called ‚ÄúIrreversible‚Äù including the single ‚ÄúImmature Boy‚Äù. Subscribe to Jules her channel for the latest official music videos, official audio, lyric videos, albums, behind the scenes and live performances.",2019-02-20 17:46:13+00:00,https://yt3.ggpht.com/TDf4c5M6enOVqclSSJs57RRi6kLQRqrCdo8MW9bU6n-pMGXGzZULDI2J1pqmNHUTQXpRrvQm=s88-c-k-c0x00ffffff-no-nd-rj,@julesmusicofficial,,442176,1060,34,"['/m/04rlf', '/m/06j6l', '/m/064t9']","['https://en.wikipedia.org/wiki/Music', 'https://en.wikipedia.org/wiki/Rhythm_and_blues', 'https://en.wikipedia.org/wiki/Pop_music']",UUPXW0F7HwfXhZY6-rZwJt4w,random_channels
UC-yI6rR_EGSY8cVs4qHo0BQ,Elangovan Tech Notes (ETS),"Get tutorial for programming languages such as Shell Scripting, Python, Java, C#, Java Script, Android, C/C++, etc,...

ETS Tutorial at Instagram
https://www.instagram.com/invites/contact/?i=1e1x0qj7xg658&utm_content=mvd6ubb
",2021-06-14 10:21:37.975661+00:00,https://yt3.ggpht.com/M_onFGu5CbAaPY1BJityUBoyADECaXAieNy8FquOsfKNSWoz4QQrWK596RjSTce752SnZZaQ=s88-c-k-c0x00ffffff-no-rj,@etstutorial,,316900,417,175,"['/m/07c1v', '/m/019_rr', '/m/01k8wb']","['https://en.wikipedia.org/wiki/Technology', 'https://en.wikipedia.org/wiki/Lifestyle_(sociology)', 'https://en.wikipedia.org/wiki/Knowledge']",UU-yI6rR_EGSY8cVs4qHo0BQ,random_channels
UC8Ewe7WqGg01KRNjJCO5cjg,House Committee on Education & Labor Republicans,"Fostering the best opportunities for students to learn, workers to succeed, and job creators to thrive.",2007-03-07 19:54:38+00:00,https://yt3.ggpht.com/ytc/AMLnZu-FbOaukwAqOBmx-m6yJpivlSSAwk0v6OWbO2uxKg=s88-c-k-c0x00ffffff-no-rj,@edlaborrepublicans,,270182,1150,826,"['/m/05qt0', '/m/098wr']","['https://en.wikipedia.org/wiki/Politics', 'https://en.wikipedia.org/wiki/Society']",UU8Ewe7WqGg01KRNjJCO5cjg,random_channels
UCaBFtf4I61T9UO9WKhUG-dA,Home cooking with Jeanette,"Hello and welcome to my channel! I love cooking and baking with a goal to show you easy dishes that come in lots of variety which can be made by anyone! For instant updates, consider subscribing to never miss a new recipe. Thank you for visiting!",2020-03-01 15:56:57.933732+00:00,https://yt3.ggpht.com/5lvchEFU0UC1qGFKXIYozI7UGq9iBCT7V6cbBtDQbTZlDPXqRk_dqE8UldmFaf-j51zPYxEB=s88-c-k-c0x00ffffff-no-rj,@homecookingwithjeanette,,256236,2610,202,"['/m/02wbm', '/m/019_rr']","['https://en.wikipedia.org/wiki/Food', 'https://en.wikipedia.org/wiki/Lifestyle_(sociology)']",UUaBFtf4I61T9UO9WKhUG-dA,random_channels
UCGffDssIzCydUTNgFNIJyxQ,Go Travel,"The official channel of Go Travel and your source for incredible adventures and unforgettable experiences. Subscribe to discover the only way to travel... and that's in style. #GoTravel #GoSeeGoDoGoTravel

Connect with us on Facebook and join the conversation. http://www.facebook.com/gotravel/",2017-05-23 04:02:09+00:00,https://yt3.ggpht.com/ytc/AMLnZu8YKJFqZoo7xryDjcbXo2GfCnPmxB8A_q8wG9ALuA=s88-c-k-c0x00ffffff-no-rj,@gotraveltv,,194925,725,108,"['/m/019_rr', '/g/120yrv6h']","['https://en.wikipedia.org/wiki/Lifestyle_(sociology)', 'https://en.wikipedia.org/wiki/Tourism']",UUGffDssIzCydUTNgFNIJyxQ,random_channels
UCC7jlYxfWti7WAW8r7ef1RQ,Anyone Can Travel,"Hi! We're Nefi and Natasha. We are real people fitting travel into everyday life with a goal to inspire others to travel more near or far. We'll share vlogs, travel guides, and tips and tricks to make the most of your travel. We post videos every week, so be sure to subscribe to stay in touch. ",2017-10-01 03:21:11+00:00,https://yt3.ggpht.com/ytc/AMLnZu97Z4Mpr8Ik3ngmYocFMyfLLh00WJsjBlU9qXzK3A=s88-c-k-c0x00ffffff-no-rj,@anyonecantravel,en,184778,829,109,"['/m/019_rr', '/g/120yrv6h', '/m/03glg']","['https://en.wikipedia.org/wiki/Lifestyle_(sociology)', 'https://en.wikipedia.org/wiki/Tourism', 'https://en.wikipedia.org/wiki/Hobby']",UUC7jlYxfWti7WAW8r7ef1RQ,random_channels
UCIWC3bm2eKj0wLGFULhzKdA,MobileDevSchool,,2019-11-18 16:04:26.602661+00:00,https://yt3.ggpht.com/J6JJmeCdJ82BKxYrZDBckbocLeGUGf0ApjpA4qlCJGyVouMNp9rZ0nS2tTr9gR1K9uKY_4jTyw=s88-c-k-c0x00ffffff-no-rj,,,164730,1760,87,"['/m/07c1v', '/m/019_rr', '/m/01k8wb']","['https://en.wikipedia.org/wiki/Technology', 'https://en.wikipedia.org/wiki/Lifestyle_(sociology)', 'https://en.wikipedia.org/wiki/Knowledge']",UUIWC3bm2eKj0wLGFULhzKdA,random_channels
UC9QMc_tF7lIdTQLpezdOCxA,Time with ModiTime,"I'm a 21-year-old South African girl living in San Francisco who loves traveling and exploring. This channel is a way to bring you along on my journey  üíï.

Let‚Äôs be friends on Social Media! ü•∫üíï

Instagram: Modi.time 

Podcast: On the Mantle 

Twitter: modi_time 

Snapchat: its.modii

Email for collaborations: modkgole@gmail.com

",2019-05-27 13:09:52+00:00,https://yt3.ggpht.com/HQ4kOybXsUTLTQt91-Rn_AFy4usoysdH2tcCDZpX-qqjHn2mi7bTzjBe4hTKy8rrlLtGZ1MYPto=s88-c-k-c0x00ffffff-no-rj,@timewithmoditime,,162483,3290,96,['/m/019_rr'],['https://en.wikipedia.org/wiki/Lifestyle_(sociology)'],UU9QMc_tF7lIdTQLpezdOCxA,random_channels
UCjGC05n79MPgDcnhtsG5_cQ,4k Travel Tours,"Emancipate yourselves from mental slavery. None but ourselves can free our minds
                                         


",2021-01-30 17:39:29.180026+00:00,https://yt3.ggpht.com/ZmKmtlOEhyFe85UDNm__kw-CFDqcsmYN89rlo69cLP9IbpEHkRDRAcLsdlme15PS2tsTG_FQqA4=s88-c-k-c0x00ffffff-no-rj,@4ktraveltours,,154532,1270,55,"['/m/019_rr', '/g/120yrv6h']","['https://en.wikipedia.org/wiki/Lifestyle_(sociology)', 'https://en.wikipedia.org/wiki/Tourism']",UUjGC05n79MPgDcnhtsG5_cQ,random_channels
UCEHB7jMymvg63b6x30qx5Jw,Cooking With Bruce & Mark,"Join Bruce Weinstein and Mark Scarbrough as we cook through recipes from our thirty-five cookbooks, find out new ways to use modern kitchen appliances (particularly the Instant Pot and the air fryer), and take some wild ""deep digs"" into all sorts of fun, wonky, bizarre, or just plain delicious recipes. We'll walk through step-by-step. Join us!",2018-10-13 22:03:43+00:00,https://yt3.ggpht.com/ytc/AMLnZu9EyM_X38WC00xC4jHe03wuktpvNZcixLkKMJRPbg=s88-c-k-c0x00ffffff-no-rj,@cookingwithbrucemark,,145679,1870,115,"['/m/019_rr', '/m/02wbm']","['https://en.wikipedia.org/wiki/Lifestyle_(sociology)', 'https://en.wikipedia.org/wiki/Food']",UUEHB7jMymvg63b6x30qx5Jw,random_channels
UC2CtsATmHPFq8Ky5olCu3jQ,MY Travel BF,"Hey everyone! We are a couple from Milwaukee, Wisconsin that is currently living abroad in Germany!

We started this channel in 2021 to show what living abroad is like as well as all our adventures‚Äîand misadventures‚Äîalong the way! 

If you want to live abroad, have local experiences when traveling, or simply want to experience other cultures' food, language, and history, follow along as we travel deep into other cultures and live abroad!

Subscribe if you'd like!
",2020-11-13 01:55:14.170009+00:00,https://yt3.ggpht.com/6p1qZiRPugAyTVQ32yowub8pHEQS6yrQl1UGa9L-1VQEzzdyyASVLis8-xWGUa6IF3CjMyVIDQ=s88-c-k-c0x00ffffff-no-rj,@mytravelbf,,144628,1160,80,"['/m/02wbm', '/m/019_rr', '/g/120yrv6h']","['https://en.wikipedia.org/wiki/Food', 'https://en.wikipedia.org/wiki/Lifestyle_(sociology)', 'https://en.wikipedia.org/wiki/Tourism']",UU2CtsATmHPFq8Ky5olCu3jQ,random_channels
UClgD65bB6SJPTPv20qIVKDw,K-C Neenah Exercise Facility,"Kimberly-Clark Neenah Exercise Facility brings you group exercise workouts, stretching and energy breaks!",2014-04-24 17:12:47+00:00,https://yt3.ggpht.com/ytc/AMLnZu8MAbxpTdyUK8pIxhaS-glgneXI5wg4xjGPgEJSNA=s88-c-k-c0x00ffffff-no-rj,,,131121,2090,579,"['/m/019_rr', '/m/027x7n']","['https://en.wikipedia.org/wiki/Lifestyle_(sociology)', 'https://en.wikipedia.org/wiki/Physical_fitness']",UUlgD65bB6SJPTPv20qIVKDw,random_channels
UCx29pmyVOjk7ZinBNUDVgnQ,Travel & Bite,"Hi Guys...I am Manish Luthra, an Engineer by Profession, a passionate Rider & Traveller.

On this channel i will be sharing Bike related vlogs & will take you along with me to different Travel & Food destinations & I will share my experience that is useful for you also.

Stay tuned with me by subscribing the channel and hit the bell icon for latest updates!!!üòä

",2021-12-03 07:45:57.975980+00:00,https://yt3.ggpht.com/1xRhgKpyavp9ZUxDkMIoF1gG-gIlMXhpkVNBqOvY7E12900Cpjfh94qp8uPQZir10RbEQ9Bt=s88-c-k-c0x00ffffff-no-rj,@travelbite,,110662,1030,58,"['/m/019_rr', '/m/07yv9', '/g/120yrv6h']","['https://en.wikipedia.org/wiki/Lifestyle_(sociology)', 'https://en.wikipedia.org/wiki/Vehicle', 'https://en.wikipedia.org/wiki/Tourism']",UUx29pmyVOjk7ZinBNUDVgnQ,random_channels
UCitSKTq6Ghg2bBKC4YdKd_Q,Cooking like Ramos,"People of YouTube ! 

Hello my name is Pedro and welcome to my channel!

My main aim with this channel and the reason that I created it is because I want to share my passion of cooking !

A lot of the dishes I will create are going to be influenced by my culture and travels, I am originally from the Portuguese Island of Madeira and have lived in the South of the UK for several years. Follow me if you love cooking or are interested in learning some of my fantastic easy to follow recipes!

I have also recently collabed with great clothing brand called Shhhlikethat (Link Below) They truly pride themselves in great quality materials, 100%.Organic & Ethically made right here in the UK go check them out ;)

Much Love 

CLR 


",2020-05-28 12:15:25.012140+00:00,https://yt3.ggpht.com/ytc/AMLnZu-ZK4_5Adi-FeoyNPGyrF6vy0G_xvUgEQ11BbmX=s88-c-k-c0x00ffffff-no-rj,,,95686,1450,65,"['/m/02wbm', '/m/019_rr']","['https://en.wikipedia.org/wiki/Food', 'https://en.wikipedia.org/wiki/Lifestyle_(sociology)']",UUitSKTq6Ghg2bBKC4YdKd_Q,random_channels
UCS-SLEeQ1F7k7mpmhnKVMKw,Cooking On The Farm,"   Hi my name is Rachel. My husband David and I have many different hobbies, God, family, farm work, cooking and filming. We decided to put some if our interests to work. David took film in high school and collage. I have always cooked. I can remember being on the counter as a 3 year old helping my mom cook and bake. In high school I started developing my own recipes. Now that we have kids and time is so busy I have been adapting my meals to be freezer friendly and learning to can. 
   In my videos you can expect to learn all about cooking how to make things from scratch and short cuts for busy nights. As a family we are always striving to serve other people in the ways God wants us. We want this channel to be family friendly. helping families join together around the table for a beautiful meal. We pray your days are full of grace and God peace. 


",2021-03-04 06:26:03.898923+00:00,https://yt3.ggpht.com/ytc/AMLnZu9GXIw41PR-Ug6n7c1dsK8iY_9nM0TDI-KPI2Ct=s88-c-k-c0x00ffffff-no-rj,,,86362,843,72,"['/m/019_rr', '/m/02wbm']","['https://en.wikipedia.org/wiki/Lifestyle_(sociology)', 'https://en.wikipedia.org/wiki/Food']",UUS-SLEeQ1F7k7mpmhnKVMKw,random_channels
UCfOjz88tFouLzzDWqN9apKg,Cooking Is My Calling,"Hey guys!!! My name is Logan, you can call me chef Logan. I love to cook and make people laugh so I figured why not bring these cooking & comedy skills to the internet. My goal is to make all your fan favorite meals in my home so you can remake it in yours. üòáüòçüë©üèΩ‚Äçüç≥‚ú®

Don't be scared to talk to me I love people well some lol here are my social media links: üëáüèΩ

Instagram: Instagram.com/Cookingismycalling
TikTok: https://www.tiktok.com/@cookingismycalling?lang=en
",2021-02-09 16:26:33.132680+00:00,https://yt3.ggpht.com/WcvX6CVFu3utkNw6ei_VmA_YU15hj-8Mmi_Ql-8Hug2B1nSx9U7jZoAbXxduW2YchFJC4d1RXic=s88-c-k-c0x00ffffff-no-rj,,,78129,1620,108,"['/m/02wbm', '/m/019_rr']","['https://en.wikipedia.org/wiki/Food', 'https://en.wikipedia.org/wiki/Lifestyle_(sociology)']",UUfOjz88tFouLzzDWqN9apKg,random_channels
UCs0Pz9jzByzbhQGsMoW4jcw,Texas Health Education Service,"Official channel for the Texas Health Education Service (TXHES), Texas Medical and Dental Schools Application Service (TMDSAS), and the Joint Admission Medical Program (JAMP).

The Texas Health Education Service amplifies TMDSAS and JAMP‚Äôs missions to serve students, collegiate advisors, and professional schools in Texas by: 
* Providing students with accurate educational resources to enhance their preparation for a career in the health professions
* Supporting efforts by advisors and professional schools to reach students and enrich the applicant pool

¬©2022 TMDSAS",2017-04-25 22:55:15+00:00,https://yt3.ggpht.com/ytc/AMLnZu_9RbSqZNmQI_2FxMioHgQsg3NC5eUV5_DIOUON=s88-c-k-c0x00ffffff-no-rj,@texashealtheducationservice,,77804,902,257,['/m/01k8wb'],['https://en.wikipedia.org/wiki/Knowledge'],UUs0Pz9jzByzbhQGsMoW4jcw,random_channels
UC9LGi7FRFTxNT7WK6jr6OXw,Virtual Exercise Channel,"Virtual running videos. 

Are you looking for virtual running videos for your treadmill workout?

The Virtual Exercise Channel is about virtual running videos, virtual walking videos, virtual cycling videos and virtual inline skating videos etc. to keep your workouts interesting, exciting and motivating. Use them while you're on the treadmill or any other cardio machine, including ellipticals, exercise bikes and rowing machines.",2019-06-25 20:19:09+00:00,https://yt3.ggpht.com/ytc/AMLnZu-3Y0ygAPxRQhWMDOLXZ-Rjb1pQ-ODJG3coxm4K=s88-c-k-c0x00ffffff-no-rj,,,77694,1650,151,"['/m/03glg', '/m/019_rr', '/m/027x7n']","['https://en.wikipedia.org/wiki/Hobby', 'https://en.wikipedia.org/wiki/Lifestyle_(sociology)', 'https://en.wikipedia.org/wiki/Physical_fitness']",UU9LGi7FRFTxNT7WK6jr6OXw,random_channels
UCj5BN5C0lmsq3QptHFEvipg,National Centre for Sport and Exercise Medicine,"The NCSEM is an Olympic legacy project delivering education, research and clinical services in sport, exercise and physical activity. It aims to apply world-class expertise to policies and practice that will benefit the health and wellbeing of the nation ‚Äì from everyday people at risk of ill health through to elite athletes.",2016-06-09 09:24:43+00:00,https://yt3.ggpht.com/ytc/AMLnZu_RKYVV7cV6CKLw9PaXDCrctIkPmRfpwY7KHs8Zww=s88-c-k-c0x00ffffff-no-rj,,,72513,363,130,"['/m/01k8wb', '/m/0kt51', '/m/019_rr']","['https://en.wikipedia.org/wiki/Knowledge', 'https://en.wikipedia.org/wiki/Health', 'https://en.wikipedia.org/wiki/Lifestyle_(sociology)']",UUj5BN5C0lmsq3QptHFEvipg,random_channels
UCMM9Z0_Ur9U_hpmTzGaHvaA,Youth Exercise,"‚Ä¢welcome to my channel and my name is Isep Azmi and on my channel this is a home exercise so that the body feels better and better


 ‚Ä¢support me by liking, commenting, sharing and subscribing


‚Ä¢upload 
schedule at 12.00 noon


Email: isepazmi26@gmail.com


 ‚Ä¢Thank you",2022-06-16 06:24:20.601770+00:00,https://yt3.ggpht.com/_FQQRefBUBXxEIh-N8pMUYKAn1Age0Cl_7FhK04cFzn-cQBXLdmlSvBYeH8HLUUQdTp6t1Ob=s88-c-k-c0x00ffffff-no-rj,,,56921,387,182,"['/m/019_rr', '/m/027x7n']","['https://en.wikipedia.org/wiki/Lifestyle_(sociology)', 'https://en.wikipedia.org/wiki/Physical_fitness']",UUMM9Z0_Ur9U_hpmTzGaHvaA,random_channels
UCfxUyLb5D-KpCt15hfGbtrA,Music from St Andrews,Music from musicians at the University of St Andrews,2020-03-30 10:45:52.636386+00:00,https://yt3.ggpht.com/ytc/AMLnZu-voicFy0g0Isxktzi_siG7vO94s3731zYeZPhL=s88-c-k-c0x00ffffff-no-rj,@musicfromstandrews,,54572,728,134,"['/m/04rlf', '/m/019_rr', '/m/0ggq0m']","['https://en.wikipedia.org/wiki/Music', 'https://en.wikipedia.org/wiki/Lifestyle_(sociology)', 'https://en.wikipedia.org/wiki/Classical_music']",UUfxUyLb5D-KpCt15hfGbtrA,random_channels
UCTM1z1vpulAL3zt61PDDzkw,Andrew and Megan - Indefinite Travel,"Hi, we're Andrew and Megan of Indefinite Travel! We've been location independent for the last 5 years. It only took us about 5 years and about a billion people asking ""did you film it?!"" to figure out, hmmm... let's start a Travel Channel!

So, here we are! As a travel couple we've managed to squeeze all our belongings in 1 shared suitcase and 2 backpacks. We survive off of flight miles, Airbnb's, lots off coffee and donuts. Our absolute favorite thing on earth is to hear when we've inspired someone else to live a life by design and pack up to travel in their own way. Follow us as we check off a never ending bucket-list around the world!

Stop by and say ""hi!"", find us on a corner of the internet and let us know where you're from and what's your favorite travel destination!
",2020-12-12 18:32:29.389347+00:00,https://yt3.ggpht.com/cN5OZORjeHw_ZaH1rT1-7tiSN_s8wIQ-3YK8d5MARkrWPpS0VgeAHfu_XKK2qgsei5FIA4nu0A=s88-c-k-c0x00ffffff-no-rj,@andrewandmegan,,50517,515,31,"['/m/019_rr', '/g/120yrv6h', '/m/07yv9', '/m/03glg']","['https://en.wikipedia.org/wiki/Lifestyle_(sociology)', 'https://en.wikipedia.org/wiki/Tourism', 'https://en.wikipedia.org/wiki/Vehicle', 'https://en.wikipedia.org/wiki/Hobby']",UUTM1z1vpulAL3zt61PDDzkw,random_channels
UCLq4U2sExYRjYd0tMdmWUmA,Ithaca College Center for Music,"The Ithaca College Center for Music educates students who transform the human condition through the art and practice of music.

Founded in 1892, the School of Music, Theatre, & Dance has earned its reputation as an institution with a conservatory-style approach to music on a foundation provided by its liberal arts campus. Students achieve mastery through the concepts of Theory, Practice, and Performance in both the classroom and the concert hall.",2020-08-27 20:34:19.411601+00:00,https://yt3.ggpht.com/Bn38TcRcLZrk3ApPdWmSYJEjZPbQ7AEqARnkTgdLtDoEWXwhJ54NU-Fy0W9c8Onj-yrG5yBS=s88-c-k-c0x00ffffff-no-rj,@ithacacollegecenterformusic,,49181,669,28,"['/m/04rlf', '/m/0ggq0m', '/m/019_rr', '/m/02mscn']","['https://en.wikipedia.org/wiki/Music', 'https://en.wikipedia.org/wiki/Classical_music', 'https://en.wikipedia.org/wiki/Lifestyle_(sociology)', 'https://en.wikipedia.org/wiki/Christian_music']",UULq4U2sExYRjYd0tMdmWUmA,random_channels
UC_E5qa-s0VEocKVV1KPtNgw,Fieldwork Education,"Fieldwork Education has been improving learning in schools around the world for over 25 years.

Learning is the focus for every school that Fieldwork Education works with; whether it is through its Primary and Secondary curriculums, through its Looking for Learning support, or through its professional development.

Our work includes early years, primary and, more recently, the development of a middle year's curriculum.",2013-10-03 15:44:06+00:00,https://yt3.ggpht.com/ytc/AMLnZu8qoeuwssDmNcjlWPvjMiAebxp4H5YCf_byhFFOVw=s88-c-k-c0x00ffffff-no-rj,@fieldworkeducation,,38240,679,62,['/m/01k8wb'],['https://en.wikipedia.org/wiki/Knowledge'],UU_E5qa-s0VEocKVV1KPtNgw,random_channels
UC_lf4_Wss_uW0KGny_A3erg,Open Education Network,"The Open Education Network is an alliance of higher education institutions  and consortia working to improve access, affordability and academic success through the use of open education resources and practices.

Formerly known as Open Textbook Network.",2015-11-11 12:10:42+00:00,https://yt3.ggpht.com/ytc/AMLnZu-xiSFzicxZH2u28mV1QKf1qN9UpZEZy_pZthTO=s88-c-k-c0x00ffffff-no-rj,,,23790,610,249,['/m/01k8wb'],['https://en.wikipedia.org/wiki/Knowledge'],UU_lf4_Wss_uW0KGny_A3erg,random_channels
UCGZrQMFEhuo6cV4wenQ6xLQ,OVision,"I help companies, freelancers, and students to feasibly implement computer vision projects. In this channel, you find free and paid educational content about computer vision and machine learning.   ",2014-04-09 17:23:35+00:00,https://yt3.ggpht.com/nig8ASxWsFGUOG74oPJ9773nKk4wPY-jUFLVydcKqIGVxO8F7izMkDaIJmVmbZLJfslB4VYgTlU=s88-c-k-c0x00ffffff-no-rj,@ovision01,en,17218,273,12,"['/m/07c1v', '/m/01k8wb', '/m/019_rr']","['https://en.wikipedia.org/wiki/Technology', 'https://en.wikipedia.org/wiki/Knowledge', 'https://en.wikipedia.org/wiki/Lifestyle_(sociology)']",UUGZrQMFEhuo6cV4wenQ6xLQ,random_channels
UCxAIx1VAAKW0F7L5Xaqensg,STAB! Comedy Theater,"STAB! Comedy Theater TV from Sacramento, CA broadcasts live improv, stand-up, sketch and podcast recordings along with other pre-produced content and live game streaming from STAB! performers and producers.",2018-04-18 16:04:19+00:00,https://yt3.ggpht.com/2rDAu_tfHDRDcuhWBenRxujOeBA3ZikxkhTpqodJBnLvZ-45XHKj0GU9-5tepyWwfUprE1FIzA=s88-c-k-c0x00ffffff-no-rj,@stabcomedytheater,,13730,249,1425,"['/m/02vxn', '/m/02jjt', '/m/098wr']","['https://en.wikipedia.org/wiki/Film', 'https://en.wikipedia.org/wiki/Entertainment', 'https://en.wikipedia.org/wiki/Society']",UUxAIx1VAAKW0F7L5Xaqensg,random_channels
UCEGGyGmo0NbAPmw1zVNdXbg,Zero to Hero,,2022-09-23 10:12:52.725237+00:00,https://yt3.ggpht.com/bVpVQjgoeUJX2azOpQCAum65iOhBIpnqf5OPfvYzMz0tJj-L7njVwvMhrPstMTfMITdW7sCPsw=s88-c-k-c0x00ffffff-no-rj,,,11208,171,72,"['/m/01k8wb', '/m/019_rr', '/m/07c1v']","['https://en.wikipedia.org/wiki/Knowledge', 'https://en.wikipedia.org/wiki/Lifestyle_(sociology)', 'https://en.wikipedia.org/wiki/Technology']",UUEGGyGmo0NbAPmw1zVNdXbg,random_channels
UCykt3TNvH5xJwA3O_WVvQpA,UAH Department of Music,,2020-11-02 14:14:37.046916+00:00,https://yt3.ggpht.com/ytc/AMLnZu9mxs5FOWT30wDAQh71qMH3_A4d6MQP_Ko64wEF=s88-c-k-c0x00ffffff-no-rj,,,6473,233,39,"['/m/019_rr', '/m/04rlf', '/m/0ggq0m']","['https://en.wikipedia.org/wiki/Lifestyle_(sociology)', 'https://en.wikipedia.org/wiki/Music', 'https://en.wikipedia.org/wiki/Classical_music']",UUykt3TNvH5xJwA3O_WVvQpA,random_channels
UCmHCmV4rVl_2_wg2l60nzjA,Motivation Gym Exercise,"Hi Friends.
   I'm here to help you look and feel great, with effective body weight workout and Exercise.
 New videos workout Saturday to Thursday and them Friday as well.
 Subscribe and turn on Notification for watching all New videos.
       Thank you.",2022-07-27 18:37:27.654480+00:00,https://yt3.ggpht.com/CzYk1_41xSNnKTUOaENNiQBXB0kNvP52R-bQXUnScfcI0qfsZLi77l-5P1YG5KFNBCPhktjb=s88-c-k-c0x00ffffff-no-rj,,,5179,16,28,"['/m/027x7n', '/m/019_rr']","['https://en.wikipedia.org/wiki/Physical_fitness', 'https://en.wikipedia.org/wiki/Lifestyle_(sociology)']",UUmHCmV4rVl_2_wg2l60nzjA,random_channels
UCwo2cn9mViQ8Y9xKH3ZPKDA,Rob Garner,Programming Tutorials,2014-05-17 15:40:20+00:00,https://yt3.ggpht.com/ytc/AMLnZu_FqdN2Nz67RfhBDed50QpqczyPYcZGyGJvCQ=s88-c-k-c0x00ffffff-no-rj,,,937,94,7,"['/m/01k8wb', '/m/019_rr', '/m/07c1v']","['https://en.wikipedia.org/wiki/Knowledge', 'https://en.wikipedia.org/wiki/Lifestyle_(sociology)', 'https://en.wikipedia.org/wiki/Technology']",UUwo2cn9mViQ8Y9xKH3ZPKDA,random_channels
UCXQC_SxY3XXbvbombLEu5hg,Travel Tips Tuesday,"Since early 2018, this Facebook Live, turned podcast, now YouTube Channel has been available as a Live stream event to equip and inform Disney travelers and beyond! 

On the weekly show, you will hear some personal stories as well as get some great tips on how to plan a stress-free trip to Disney, Universal, cruises, worldwide destinations and more!

We always welcome topic suggestions and comments! E-mail all topic suggestions to johnrogers@travelmation.net

Want to find out more? Connect with me on Facebook!",2019-09-18 02:50:58+00:00,https://yt3.ggpht.com/ytc/AMLnZu8eFmsUoPlOaHYmRewh9nsNjQQdFMI1shJReHPV=s88-c-k-c0x00ffffff-no-rj,@traveltipstuesday,,791,21,101,"['/g/120yrv6h', '/m/019_rr']","['https://en.wikipedia.org/wiki/Tourism', 'https://en.wikipedia.org/wiki/Lifestyle_(sociology)']",UUXQC_SxY3XXbvbombLEu5hg,random_channels
